[
  {
    "name": "오재을",
    "type": "general",
    "phone": "",
    "id": "1769666245375",
    "registeredDate": "2026-01-29",
    "status": "retaking"
  },
  {
    "name": "이미선",
    "course": "양식기능사",
    "type": "student",
    "phone": "",
    "id": "1769750865408",
    "registeredDate": "2026-01-30",
    "status": "completed"
  },
  {
    "name": "오재",
    "course": "한식기능사",
    "timeSlot": "10:00",
    "type": "general",
    "phone": "",
    "id": "1769756681840",
    "registeredDate": "2026-01-30",
    "status": "completed"
  },
  {
    "name": "오",
    "photo": {},
    "resident_num": "7200001552911",
    "address": "202동 704호 (청구한라아파트)",
    "phone": "01051369073",
    "phone_home": "01051369073",
    "phone_guardian": "01051369073",
    "course_select": "중식",
    "start_date": "2026-01-30",
    "notes": "",
    "course": "한식, 중식",
    "id": "1769767328754",
    "registeredDate": "2026-01-30",
    "status": "completed"
  }
]